0x00bd20,debug
0x075548,enabletimer
0x075860,radar_phy_enable
0x0758a0,offcactime
0x075fa4,cac
0x07609c,get_detect_check_info
0x076110,detect_check
0x076188,octo_filter_enable
0x076204,cac_silent_enable
0x0762fc,pulse_check_filter
0x07643c,read_pulse
0x0764a0,one_pulse_chirp_enable
0x07651c,log_switch
0x076578,non_occupancy_period
0x076614,get_radar_th
0x076710,set_radar_th
0x076780,set_5g_channel_bitmap
0x076850,set_next_chan
0x0768b8,dfstrig
0x076908,offchantime
0x076958,operntime
0x0769f4,offchanenable
0x076a32,radarfilter_get
0x076ae0,radarfilter
0x076b18,ctsdura
0x076b68,offchannum
0x076bb8,dfsdebug
0x076c04,cacenable
0x080200,sudden_good_delta_gdpt_ratio
0x0a0200,sudden_bad_delta_gdpt_ratio
