name,cfg_id,dir
rate_mode,0x0191,0
get_rate_mode,0x0191,1
ar_scen_mode,0x01a6,0
fec_coding,0x0192,0
get_fec_coding,0x0192,1
ar_probe,0x01a3,0
gi_type,0x01a2,0
mu_fec_coding,0x0193,0
get_mu_fec_coding,0x0193,1
protect_mode,0x0194,0
get_protect_mode,0x0194,1
he_ltf_type,0x0195,0
get_he_ltf_type,0x0195,1
dcm_enable,0x0196,0
get_dcm_enable,0x0196,1
freq_bw_mode,0x0197,0
get_freq_bw_mode,0x0197,1
debug_log_switch,0x0198,0
get_debug_log_switch,0x0198,1
ar_dev_param,0x0199,0
get_ar_dev_param,0x0199,1
sigb_dcm,0x01a4,0
get_sigb_dcm,0x01a4,1
tx_cnt,0x019a,0
get_tx_cnt,0x019a,1
hi_rate,0x019b,0
get_hi_rate,0x019b,1
he_sigb_rate,0x019c,0
get_he_sigb_rate,0x019c,1
mu_tx_cnt,0x019d,0
get_mu_tx_cnt,0x019d,1
mu_rate,0x019e,0
get_mu_rate,0x019e,1
mu_rts_mode,0x019f,0
get_mu_rts_mode,0x019f,1
legacy_rate,0x01a0,0
get_legacy_rate,0x01a0,1
preamble_type,0x01a1,0
get_preamble_type,0x01a1,1
get_current_ration,0x01a5,1
sch_mode,0x02bd,0
get_sch_mode,0x02bd,1
max_pe,0x02be,0
get_max_pe,0x02be,1
su_sch_user,0x0321,0
su_sch_tid,0x0322,0
su_sch_tid_del,0x0324,0
su_sch_multi_tid,0x0323,0
set_su_sch_debug_switch,0x0325,0
get_su_sch_debug_switch,0x0325,1
get_su_sch_mode,0x0326,1
set_su_sch_mode,0x0326,0
get_su_sch_rr_vi_delay,0x0327,1
set_su_sch_rr_vi_delay,0x0327,0
get_ring_refresh_qtable_switch,0x0328,1
set_ring_refresh_qtable_switch,0x0328,0
dl_mumimo_sch_user,0x0385,0
dl_mumimo_sch_tid,0x0386,0
dl_mumimo_sch_multi_tid,0x0387,0
dl_mumimo_sch_nss,0x0388,0
dl_mumimo_group_add,0x0389,0
dl_mumimo_enable,0x038a,0
dl_mumimo_sch_ack_type,0x038b,0
dl_mumimo_altx_bw,0x038c,0
dl_mumimo_gi_ltf_comb,0x038d,0
dl_mumimo_hac_calc_enable,0x0390,0
dl_mumimo_dbg_log,0x038e,0
dl_mumimo_11ac_gi_type,0x038f,0
ul_mumimo_enable,0x03e9,0
get_ul_mumimo_enable,0x03e9,1
ul_mumimo_pair_user,0x03ea,0
ul_mumimo_dbg_log,0x03eb,0
get_ul_mumimo_dbg_log,0x03eb,1
ul_mumimo_fix_rate,0x03ec,0
get_ul_mumimo_fix_rate,0x03ec,1
ul_mumimo_fix_txtime,0x03ed,0
get_ul_mumimo_fix_txtime,0x03ed,1
ofdma_user_num,0x044d,0
get_ofdma_user_num,0x044d,1
puncture_mode,0x044e,0
get_puncture_mode,0x044e,1
ru_alloc,0x044f,0
get_ru_alloc,0x044f,1
ofdma_mac_addr,0x0450,0
get_ofdma_mac_addr,0x0450,1
ofdma_auto_mac_addr,0x0451,0
user_ru,0x0452,0
get_user_ru,0x0452,1
ofdma_user_tid,0x0453,0
get_ofdma_user_tid,0x0453,1
ofdma_aggr_num,0x0454,0
get_ofdma_aggr_num,0x0454,1
ofdma_aggr_size,0x0455,0
get_ofdma_aggr_size,0x0455,1
ofdma_bw,0x0456,0
get_ofdma_bw,0x0456,1
ofdma_ltf_gi,0x0457,0
get_ofdma_ltf_gi,0x0457,1
ofdma_calc_sigb,0x0458,0
ofdma_mu_seq_type,0x045c,0
get_ofdma_mu_seq_type,0x045c,1
ofdma_dl_sch_enable,0x045a,0
get_ofdma_dl_sch_enable,0x045a,1
ofdma_loss_inc,0x045e,0
get_ofdma_loss_inc,0x045e,1
ofdma_loss_dec,0x045f,0
get_ofdma_loss_dec,0x045f,1
ofdma_auto_puncture,0x045b,0
get_ofdma_auto_puncture,0x045b,1
ofdma_dl_debug_enable,0x045d,0
get_ofdma_dl_debug_enable,0x045d,1
ofdma_certify_use_106_ru,0x0459,0
get_ofdma_certify_use_106_ru,0x0459,1
ofdma_backoff_time_th,0x0460,0
get_ofdma_backoff_time_th,0x0460,1
ofdma_pk_mode_enable,0x0461,0
get_ofdma_pk_mode_enable,0x0461,1
ofdma_seq_user_num_thrd,0x0462,0
get_ofdma_seq_user_num_thrd,0x0462,1
ofdma_sch_cnt_th,0x0463,0
get_ofdma_sch_cnt_th,0x0463,1
ul_ofdma_enable,0x04b1,0
get_ul_ofdma_enable,0x04b1,1
edca_prot_mode_opt,0x00cf,0
get_edca_prot_mode_opt,0x00cf,1
rts_on_collision_th,0x00d0,0
get_rts_on_collision_th,0x00d0,1
set_nav_duration,0x00d3,0
get_nav_duration,0x00d3,1
rts_off_fail_ratio_th,0x00d1,0
get_rts_off_fail_ratio_th,0x00d1,1
mu_rts_opt_mode,0x00d2,0
get_mu_rts_opt_mode,0x00d2,1
edca_opt_rssi_th,0x00d4,0
get_edca_opt_rssi_th,0x00d4,1
edca_expand_probe,0x00d5,0
get_edca_expand_probe,0x00d5,1
get_edca_opt_en_ap,0x00c9,1
al_tx,0x0515,0
get_al_tx_info,0x0515,1
al_rx,0x0516,0
get_al_rx_info,0x0516,1
al_tx_single_tone,0x0517,0
get_al_tx_single_tone,0x0517,1
tpc_mode,0x0709,0
get_tpc_mode,0x0709,1
tpc_pow_lvl,0x070a,0
get_tpc_pow_lvl,0x070a,1
tpc_code,0x070b,0
get_tpc_code,0x070b,1
pow_mode,0x070c,0
get_pow_mode,0x070c,1
far_dist_switch,0x070f,0
get_far_dist_switch,0x070f,1
near_dist_switch,0x0710,0
get_near_dist_switch,0x0710,1
resp_chain_sel,0x070d,0
get_resp_chain_sel,0x070d,1
set_sta_id,0x070e,0
waterfilling_mode,0x0711,0
get_waterfilling_mode,0x0711,1
temp_limit,0x076d,0
get_temp_limit,0x076d,1
temp_log,0x076e,0
get_temp_log,0x076e,1
get_temp_state,0x076f,1
temp_comp,0x0770,0
get_temp_comp,0x0770,1
set_gain,0x0c1d,0
rx_ant,0x0c1e,0
dyn_cali,0x0c20,0
online_iq,0x0c1f,0
dpd_cmd_ctrl,0x0c21,0
online_dpd,0x0c27,0
spectral_scan_en,0x0579,0
get_spectral_scan_en,0x0579,1
spectral_ofdm_det,0x057a,0
get_spectral_ofdm_det,0x057a,1
spectral_11b_det,0x057b,0
get_spectral_11b_det,0x057b,1
spectral_nb_det,0x057c,0
get_spectral_nb_det,0x057c,1
fft_size,0x057d,0
get_fft_size,0x057d,1
fft_period,0x057e,0
get_fft_period,0x057e,1
fft_count,0x057f,0
get_fft_count,0x057f,1
spectral_rssi_thr,0x0580,0
get_spectral_rssi_thr,0x0580,1
spectral_rssi_nb_thr,0x0581,0
get_spectral_rssi_nb_thr,0x0581,1
spectral_power_thr,0x0582,0
get_spectral_power_thr,0x0582,1
nb_thr,0x0583,0
get_nb_thr,0x0583,1
rpt_mode,0x0584,0
get_rpt_mode,0x0584,1
fftin_type,0x0585,0
get_fftin_type,0x0585,1
ant_index,0x0586,0
get_ant_index,0x0586,1
deci_coef_en,0x0587,0
get_deci_coef_en,0x0587,1
deci_coef_man,0x0588,0
get_deci_coef_man,0x0588,1
get_data_abnormal,0x058a,1
agc_lock_en,0x0589,0
get_agc_lock_en,0x0589,1
csi_en,0x06a5,0
get_csi_en,0x06a5,1
csi_location_vap,0x06a6,0
get_csi_location_vap,0x06a6,1
csi_frame_type,0x06a7,0
get_csi_frame_type,0x06a7,1
csi_band_width,0x06a8,0
get_csi_band_width,0x06a8,1
csi_whitelist,0x06a9,0
get_csi_whitelist,0x06a9,1
csi_resp_rpt_flag,0x06aa,0
get_csi_resp_rpt_flag,0x06aa,1
trigger_fill_mode,0x07d1,0
get_trigger_fill_mode,0x07d1,1
trigger_basic_trg_sw,0x07d2,0
get_trigger_basic_trg_sw,0x07d2,1
trigger_bsrp_trg_sw,0x07d3,0
get_trigger_bsrp_trg_sw,0x07d3,1
trigger_aggr_basic_trg_ra_addr_sw,0x07d4,0
get_trigger_aggr_basic_trg_ra_addr_sw,0x07d4,1
trigger_tb_ppdu_ofdma_ba_sw,0x07da,0
get_trigger_tb_ppdu_ofdma_ba_sw,0x07da,1
trigger_comm1,0x07d5,0
get_trigger_comm1,0x07d5,1
trigger_comm2_fix,0x07d6,0
get_trigger_comm2_fix,0x07d6,1
trigger_comm2_calc,0x07d7,0
get_trigger_comm2_calc,0x07d7,1
trigger_user,0x07d8,0
get_trigger_user,0x07d8,1
trigger_user_var,0x07d9,0
get_trigger_user_var,0x07d9,1
trigger_mu_ltf_mode,0x07dd,0
set_ulsch_dev_sch_mode,0x0a29,0
get_ulsch_dev_sch_mode,0x0a29,1
set_ulsch_dev_tx_trigger_cycle,0x0a2a,0
get_ulsch_dev_tx_trigger_cycle,0x0a2a,1
set_ulsch_dev_interval_param,0x0a2b,0
get_ulsch_dev_interval_param,0x0a2b,1
set_ulsch_dev_twt_sch_interval,0x0a2c,0
get_ulsch_dev_twt_sch_interval,0x0a2c,1
set_ulsch_dev_bsrp_trigger_param,0x0a2d,0
get_ulsch_dev_bsrp_trigger_param,0x0a2d,1
set_ul_sch_sw,0x0fa1,0
get_ul_sch_sw,0x0fa1,1
set_ul_sch_cycle,0x0fa2,0
get_ul_sch_cycle,0x0fa2,1
set_ul_sch_user,0x0fa3,0
get_ul_sch_user,0x0fa3,1
set_ulsch_user_in_bsr_list,0x0a2e,0
get_ulsch_user_in_bsr_list,0x0a2e,1
set_ulsch_user_twt_enable,0x0a2f,0
get_ulsch_user_twt_enable,0x0a2f,1
txmode_mode_sw,0x0835,0
get_txmode_mode_sw,0x0835,1
txmode_user_fix_mode,0x083b,0
get_txmode_user_fix_mode,0x083b,1
txmode_user_fix_chain,0x083c,0
get_txmode_user_fix_chain,0x083c,1
txmode_all_user_fix_mode,0x0837,0
txmode_mgmt_chain,0x0838,0
get_txmode_mgmt_chain,0x0838,1
txmode_11b_tx_sw,0x0839,0
get_txmode_11b_tx_sw,0x0839,1
txmode_bcast_data_chain,0x083a,0
get_txmode_bcast_data_chain,0x083a,1
txmode_chain_prob_sw,0x0836,0
txmode_debug_log_switch,0x083d,0
get_txmode_debug_log_switch,0x083d,1
ack_opt,0x1131,0
get_ack_opt,0x1131,1
aggr_mode,0x08fd,0
get_aggr_mode,0x08fd,1
su_aggr_time,0x08fe,0
get_su_aggr_time,0x08fe,1
su_aggr_log,0x08ff,0
get_su_aggr_log,0x08ff,1
su_aggr_probe_limit,0x0900,0
get_su_aggr_probe_limit,0x0900,1
su_aggr_sw,0x0901,0
get_su_aggr_sw,0x0901,1
mu_aggr_mode,0x0902,0
get_mu_aggr_mode,0x0902,1
mu_aggr_time,0x0903,0
get_mu_aggr_time,0x0903,1
sounding_sch_mode,0x0961,0
get_sounding_sch_mode,0x0961,1
sounding_period_group,0x0963,0
get_sounding_period_group,0x0963,1
sounding_group_property,0x0969,0
get_sounding_group_property,0x0969,1
sounding_user_codebook_size,0x096d,0
get_sounding_user_codebook_size,0x096d,1
sounding_user_grouping,0x096e,0
get_sounding_user_grouping,0x096e,1
sounding_user_nc,0x096f,0
sounding_user_fback_type,0x0970,0
get_sounding_user_fback_type,0x0970,1
get_sounding_grp_info,0x0964,1
sounding_trig_cnt,0x0965,0
get_sounding_trig_cnt,0x0965,1
sounding_trigger,0x0966,0
sounding_norm_log_sw,0x0967,0
get_sounding_norm_log_sw,0x0967,1
sounding_rssi_limit,0x096a,0
get_sounding_rssi_limit,0x096a,1
smartant_mode,0x09c5,0
get_smartant_mode,0x09c5,1
fix_ant,0x09c6,0
get_fix_ant,0x09c6,1
train_period,0x09c7,0
get_train_period,0x09c7,1
smartant_debug,0x09c8,0
get_smartant_debug,0x09c8,1
smartant_train_th,0x09c9,0
get_smartant_train_th,0x09c9,1
smartant_su_rx_pk,0x09ca,0
get_smartant_su_rx_pk,0x09ca,1
virtual_user_tx,0x0b55,0
scen_dbg_en,0x0d49,0
get_scen_dbg_en,0x0d49,1
get_xo_ducy_cali_param,0x0dad,1
set_xo_ducy_cali_param,0x0dad,0
curve_param,0x0dbe,0
set_2g_all_curve_param,0x0db4,0
get_2g_all_curve_param,0x0db4,1
set_5g_all_curve_param,0x0db5,0
get_5g_all_curve_param,0x0db5,1
set_2g_curve_factor,0x0db6,0
get_2g_curve_factor,0x0db6,1
set_5g_curve_factor,0x0db7,0
get_5g_curve_factor,0x0db7,1
power_diff,0x0dbf,0
set_2g_upc,0x0db8,0
get_2g_upc,0x0db8,1
set_5g_upc,0x0db9,0
get_5g_upc,0x0db9,1
save_2g_upc,0x0dc3,1
save_5g_upc,0x0dc4,1
power_cali,0x0dbc,0
power_cali_mimo,0x0dbd,0
set_2g_power_param,0x0dae,0
get_2g_power_param,0x0dae,1
set_5g_power_param,0x0db0,0
get_5g_power_param,0x0db0,1
set_2g_low_power_param,0x0daf,0
get_2g_low_power_param,0x0daf,1
set_5g_low_power_param,0x0db1,0
get_5g_low_power_param,0x0db1,1
adjust_ppm,0x0dba,0
xo_ppm_cali,0x0dbb,1
set_xo_ppm_cali_param,0x0db2,0
get_xo_ppm_cali_param,0x0db2,1
fem_check,0x0dc2,1
efuse_test,0x0dc5,1
rssi_cali,0x0dc0,0
rssi_cali_ant,0x0dc1,0
set_rssi_param,0x0db3,0
get_rssi_param,0x0db3,1
atf_mode,0x0e11,0
get_atf_mode,0x0e11,1
set_atf_vap_value,0x0e12,0
get_atf_vap_value,0x0e12,1
del_atf_vap_value,0x0e13,0
set_atf_ac_value,0x0e14,0
get_atf_ac_value,0x0e14,1
del_atf_ac_value,0x0e15,0
set_atf_user_value,0x0e16,0
get_atf_user_value,0x0e16,1
del_atf_user_value,0x0e17,0
atf_min_prop,0x0e18,0
get_atf_min_prop,0x0e18,1
atf_cycle_time,0x0e19,0
get_atf_cycle_time,0x0e19,1
get_atf_all_user_info,0x0e1a,1
set_atf_debug_switch,0x0e1b,0
get_atf_debug_switch,0x0e1b,1
set_tx_empty_sch_en,0x1037,0
get_tx_empty_sch_en,0x1037,1
set_tx_empty_sch_num,0x1038,0
get_tx_empty_sch_num,0x1038,1
set_tx_empty_sch_empty_num,0x1039,0
get_tx_empty_sch_empty_num,0x1039,1
set_urp_sw,0x0ed9,0
get_urp_sw,0x0ed9,1
set_urp_replace_thd,0x0eda,0
get_urp_replace_thd,0x0eda,1
set_amsdu_debug,0x0f3d,0
set_cca_th,0x012e,0
get_cca_th,0x012e,1
set_ersru_dev_cap,0x0af1,0
get_ersru_dev_cap,0x0af1,1
set_ersru_user_enable,0x0af2,0
get_ersru_user_enable,0x0af2,1
get_ersru_user_state,0x0af3,1
tx_ant,0x1069,0
get_tx_ant,0x1069,1
set_ns_aggr_param,0x10cd,0
get_ns_aggr_param,0x10cd,1
set_ns_aggr_log_sw,0x10ce,0
set_ns_rate_param,0x10d1,0
get_ns_rate_param,0x10d1,1
set_ns_rate_log_sw,0x10d2,0
set_ns_rate_protect_mode,0x10d3,0
get_ns_rate_protect_mode,0x10d3,1